﻿Designator,Footprint,Quantity,Value,LCSC Part #
"C1, C10, C11, C14, C18, C4, C5, C6, C7, C8, C9",0402,11,100n,
"C12, C3",0603,2,4.7u,
"C13, C16, C21",0805,3,10u,
C17,0402,1,4.7u,
"C19, C2",0402,2,15p,
"D1, D2",DIOM3616X98N,2,MBR120VLSFT1G,
J1,CONN_SM03B-SRSS-TB_JST,1,SM03B-SRSS-TB,
J3,FC68145S_CLF,1,FC68145S,
J5,JST_SM04B-GHS-TB_LF__SN_-,1,SM04B-GHS-TB_LF__SN_-,
J7,CONN_SM06B-GHS-TB_JST,1,SM06B-GHS-TB,
J9,USB_C_Receptacle_GCT_USB4105-xx-A_16P_TopMnt_Horizontal,1,USB_C_Receptacle_USB2.0_16P,
L1,0603,1,3.3u,
"R1, R6",0402,2,27.4,
"R10, R11",0402,2,5.1K,
R2,0402,1,0,
"R3, R5, R9",0402,3,1k,
R4,0402,1,33,
"R7, R8",0402,2,DNF,
"S1, S2",434133025816,2,434133025816,
U2,RP2350-QFN-60-1EP_7x7_P0.4mm_EP3.4x3.4mm_ThermalVias,1,RP2350_60QFN,
U3,SOT-223-3_TabPin2,1,NCP1117-3.3_SOT223,
U4,WSON-8_6X5_WIN,1,W25Q128JVPIQ TR,
X2,ABM8-272-T3_ABR,1,ABM8-272-T3,
